Time (%),Total Time (ns),Num Calls,Avg (ns),Med (ns),Min (ns),Max (ns),StdDev (ns),Name
34.7,176860945,1,176860945.0,176860945.0,176860945,176860945,0.0,cudaStreamCreate
30.8,157014559,3716,42253.6,37182.5,326,1018244,72854.7,cudaStreamSynchronize
9.8,49681174,3900,12738.8,7864.0,3167,635084,17137.6,cudaMemcpyAsync
9.3,47553788,4613,10308.6,4756.0,3641,2069922,32589.8,cudaLaunchKernel
7.1,36110320,4291,8415.4,3917.0,2704,160579,10357.4,cudaMemsetAsync
2.9,14817507,111,133491.1,36694.0,1727,1190125,210095.9,cudaFree
2.3,11620757,111,104691.5,6255.0,1243,744224,168812.6,cudaMalloc
1.5,7644025,414,18463.8,8322.5,4638,1018609,53002.3,cudaEventRecord
0.9,4342831,60,72380.5,69623.5,31100,463242,56375.0,cudaMemcpy
0.5,2492069,2,1246034.5,1246034.5,4322,2487747,1756046.7,cudaHostAlloc
0.1,587487,2,293743.5,293743.5,8910,578577,402815.4,cudaFreeHost
0.0,236868,6,39478.0,483.5,178,232240,94441.1,cudaEventCreate
0.0,8663,6,1443.8,158.0,138,7774,3101.6,cudaEventDestroy
0.0,5989,1,5989.0,5989.0,5989,5989,0.0,cudaGetDeviceProperties_v2_v12000
0.0,3009,1,3009.0,3009.0,3009,3009,0.0,cudaStreamDestroy
0.0,1204,1,1204.0,1204.0,1204,1204,0.0,cuModuleGetLoadingMode
