impl,h2d,voxel,ransac,cluster,d2h,total,total_p95,total_max,prop_iters_med,speedup_vs_t1
cpu_t1,0.0,3.94175,1.43475,0.1429,0.0,5.55285,5.843425,7.493,0.0,1.0
cpu_t2,0.0,2.15165,0.7389,0.14215,0.0,3.06705,3.53932,4.641,0.0,1.8104856458160121
cpu_t4,0.0,1.27575,0.40515,0.1448,0.0,1.83155,2.528825,2.7528,0.0,3.0317763642816193
cpu_t8,0.0,1.0103,0.37835,0.15535,0.0,1.5485,1.6917649999999997,1.7697,0.0,3.5859541491766227
cpu_t16,0.0,1.08615,0.28735,0.18295,0.0,1.5716999999999999,2.006475,2.3225,0.0,3.5330215690017184
gpu_thrust_uf,0.0796,0.81385,0.0584,0.1997,0.03055,1.2600500000000001,1.6280999999999999,1.9107,0.0,4.406848934566089
gpu_hash_uf,0.0782,0.26754999999999995,0.0563,0.2058,0.028650000000000002,0.7007,1.1552099999999996,1.8614,0.0,7.924718139003854
gpu_hash_prop,0.0795,0.2815,0.0558,12.3171,0.0335,12.58345,21.683729999999994,26.5019,159.0,0.44128200135892787
gpu_hash_prop16,0.0788,0.26915,0.0563,3.9378,0.03185,4.39465,9.683005,15.4527,160.0,1.2635477227993128
