scan,impl,rep,n_points,n_voxels,h2d,voxel,ransac,cluster,d2h,total,prop_iters
0,cpu_t1,0,121015,31363,0,4.0463,1.4726,0.1643,0,5.6833,0
0,cpu_t1,1,121015,31363,0,3.8098,1.3609,0.1596,0,5.3303,0
0,cpu_t2,0,121015,31363,0,4.9791,1.0786,0.1995,0,6.2572,0
0,cpu_t2,1,121015,31363,0,11.5476,0.7410,0.1592,0,12.4478,0
0,cpu_t4,0,121015,31363,0,9.4758,0.5091,0.1616,0,10.1466,0
0,cpu_t4,1,121015,31363,0,8.8856,0.7371,0.1797,0,9.8024,0
0,cpu_t8,0,121015,31363,0,4.5813,0.3646,0.1725,0,5.1184,0
0,cpu_t8,1,121015,31363,0,12.9272,0.3616,0.1601,0,13.4489,0
0,cpu_t16,0,121015,31363,0,9.8504,0.3894,0.1933,0,10.4331,0
0,cpu_t16,1,121015,31363,0,0.8586,0.2028,0.1984,0,1.2597,0
0,gpu_thrust_uf,0,121015,31363,0.0760,1.1122,0.0369,0.1495,0.0247,1.3161,0
0,gpu_thrust_uf,1,121015,31363,0.0948,0.8888,0.0316,0.1495,0.0184,1.1141,0
0,gpu_hash_uf,0,121015,31363,0.0861,0.5380,0.0364,0.1884,0.0326,0.8303,0
0,gpu_hash_uf,1,121015,31363,0.0779,0.4654,0.0778,0.1495,0.0324,0.7602,0
0,gpu_hash_prop,0,121015,31363,0.0775,0.4885,0.0344,17.2902,0.0948,16.5134,171
0,gpu_hash_prop,1,121015,31363,0.0827,0.4328,0.0922,18.5416,0.0623,17.6432,171
1,cpu_t1,0,121151,30983,0,3.7694,1.3646,0.1685,0,5.3024,0
1,cpu_t1,1,121151,30983,0,3.8771,1.3906,0.1440,0,5.4118,0
1,cpu_t2,0,121151,30983,0,20.9355,0.7360,0.1611,0,21.8327,0
1,cpu_t2,1,121151,30983,0,22.3310,0.8033,0.1463,0,23.2805,0
1,cpu_t4,0,121151,30983,0,1.6462,0.7358,0.1827,0,2.5647,0
1,cpu_t4,1,121151,30983,0,1.8313,0.8487,0.1813,0,2.8612,0
1,cpu_t8,0,121151,30983,0,1.2222,0.3852,0.1483,0,1.7557,0
1,cpu_t8,1,121151,30983,0,1.1117,0.3705,0.1829,0,1.6651,0
1,cpu_t16,0,121151,30983,0,0.7420,0.1967,0.1810,0,1.1198,0
1,cpu_t16,1,121151,30983,0,0.7261,0.1894,0.2024,0,1.1179,0
1,gpu_thrust_uf,0,121151,30983,0.0804,1.2026,0.0307,0.1659,0.0288,1.4180,0
1,gpu_thrust_uf,1,121151,30983,0.0790,0.8091,0.0367,0.1085,0.0297,1.0023,0
1,gpu_hash_uf,0,121151,30983,0.0797,0.2788,0.0369,0.1085,0.0285,0.5262,0
1,gpu_hash_uf,1,121151,30983,0.1016,0.2215,0.0829,0.1302,0.0205,0.5446,0
1,gpu_hash_prop,0,121151,30983,0.0780,0.1836,0.0358,14.7988,0.0223,13.8779,169
1,gpu_hash_prop,1,121151,30983,0.0775,0.2109,0.0328,12.8768,0.0221,12.1393,169
2,cpu_t1,0,121483,31077,0,3.8424,1.4117,0.1469,0,5.4011,0
2,cpu_t1,1,121483,31077,0,3.8804,1.5202,0.1371,0,5.5378,0
2,cpu_t2,0,121483,31077,0,6.1114,1.4236,0.1997,0,7.7347,0
2,cpu_t2,1,121483,31077,0,7.4154,0.6554,0.1370,0,8.2079,0
2,cpu_t4,0,121483,31077,0,2.2309,0.4731,0.1398,0,2.8438,0
2,cpu_t4,1,121483,31077,0,10.3546,0.3556,0.1379,0,10.8481,0
2,cpu_t8,0,121483,31077,0,9.8794,0.3760,0.1380,0,10.3934,0
2,cpu_t8,1,121483,31077,0,1.1410,0.3697,0.1373,0,1.6480,0
2,cpu_t16,0,121483,31077,0,1.0204,0.3737,0.1695,0,1.5637,0
2,cpu_t16,1,121483,31077,0,1.3214,0.3414,0.1691,0,1.8320,0
2,gpu_thrust_uf,0,121483,31077,0.0871,0.7348,0.0379,0.0943,0.0298,0.9385,0
2,gpu_thrust_uf,1,121483,31077,0.0782,0.8895,0.0574,0.1474,0.0225,1.1228,0
2,gpu_hash_uf,0,121483,31077,0.0800,0.2798,0.0337,0.0962,0.0190,0.4817,0
2,gpu_hash_uf,1,121483,31077,0.0795,0.2508,0.0369,0.1352,0.0188,0.5001,0
2,gpu_hash_prop,0,121483,31077,0.0758,0.4669,0.0334,13.4287,0.0213,12.8831,156
2,gpu_hash_prop,1,121483,31077,0.0783,0.2053,0.0307,10.1089,0.0206,9.5916,156
3,cpu_t1,0,121604,30976,0,3.9312,1.3637,0.1546,0,5.4495,0
3,cpu_t1,1,121604,30976,0,4.0194,1.3428,0.1518,0,5.5140,0
3,cpu_t2,0,121604,30976,0,10.2608,0.6847,0.1524,0,11.0980,0
3,cpu_t2,1,121604,30976,0,22.8417,0.6799,0.1528,0,23.6744,0
3,cpu_t4,0,121604,30976,0,8.1815,0.5036,0.1545,0,8.8396,0
3,cpu_t4,1,121604,30976,0,12.4377,0.4531,0.1538,0,13.0446,0
3,cpu_t8,0,121604,30976,0,9.7889,0.4099,0.1535,0,10.3523,0
3,cpu_t8,1,121604,30976,0,8.6625,0.3924,0.1937,0,9.2485,0
3,cpu_t16,0,121604,30976,0,0.7623,0.2073,0.1898,0,1.1594,0
3,cpu_t16,1,121604,30976,0,1.2697,0.3332,0.2088,0,1.8117,0
3,gpu_thrust_uf,0,121604,30976,0.0779,1.0230,0.0369,0.1505,0.0305,1.2421,0
3,gpu_thrust_uf,1,121604,30976,0.0847,2.1464,0.0317,0.1208,0.0186,2.2345,0
3,gpu_hash_uf,0,121604,30976,0.0779,0.2058,0.0330,0.1442,0.0176,0.4609,0
3,gpu_hash_uf,1,121604,30976,0.0791,0.2428,0.0379,0.1321,0.0224,0.4941,0
3,gpu_hash_prop,0,121604,30976,0.0866,0.1970,0.0369,8.9692,0.0256,8.5728,154
3,gpu_hash_prop,1,121604,30976,0.0784,0.2541,0.0573,9.6737,0.0214,9.2655,154
4,cpu_t1,0,121779,30875,0,3.7536,1.2632,0.1385,0,5.1554,0
4,cpu_t1,1,121779,30875,0,3.7151,1.3041,0.1396,0,5.1589,0
4,cpu_t2,0,121779,30875,0,6.3431,0.6620,0.1405,0,7.1456,0
4,cpu_t2,1,121779,30875,0,3.8139,0.7229,0.1392,0,4.6760,0
4,cpu_t4,0,121779,30875,0,1.5205,0.3758,0.1418,0,2.0381,0
4,cpu_t4,1,121779,30875,0,21.5465,0.5707,0.1685,0,22.2857,0
4,cpu_t8,0,121779,30875,0,16.5718,0.3438,0.1751,0,17.0906,0
4,cpu_t8,1,121779,30875,0,1.9039,0.3612,0.1433,0,2.4084,0
4,cpu_t16,0,121779,30875,0,0.7111,0.2428,0.1763,0,1.1303,0
4,cpu_t16,1,121779,30875,0,0.7106,0.1941,0.1759,0,1.0806,0
4,gpu_thrust_uf,0,121779,30875,0.0811,1.0109,0.0369,0.1034,0.0335,1.1948,0
4,gpu_thrust_uf,1,121779,30875,0.0765,1.0328,0.0369,0.1106,0.0190,1.2024,0
4,gpu_hash_uf,0,121779,30875,0.0764,0.2028,0.0307,0.1034,0.0182,0.4151,0
4,gpu_hash_uf,1,121779,30875,0.0764,0.2521,0.0553,0.1229,0.0236,0.5126,0
4,gpu_hash_prop,0,121779,30875,0.0781,0.2164,0.0594,9.5611,0.0299,9.1387,153
4,gpu_hash_prop,1,121779,30875,0.0810,1.7101,0.0328,8.7880,0.0273,9.7803,153
