frame,iters,seed,best_score,ground,clusters
0,256,1,16548,16548,73
0,256,2,16154,16154,111
0,256,3,16381,16381,78
0,256,4,16463,16463,93
0,256,5,16238,16238,103
0,256,6,16473,16473,83
0,256,7,16509,16509,104
0,256,8,16304,16304,98
0,256,9,16548,16548,93
0,256,10,16367,16367,78
0,256,11,16553,16553,83
0,256,12,16612,16612,75
0,256,13,16278,16278,93
0,256,14,16473,16473,101
0,256,15,16330,16330,98
0,256,16,16187,16187,73
0,256,17,16055,16055,99
0,256,18,16649,16649,84
0,256,19,16305,16305,89
0,256,20,16540,16540,73
0,256,21,16567,16567,86
0,256,22,16597,16597,89
0,256,23,16584,16584,99
0,256,24,16242,16242,105
0,256,25,16345,16345,85
0,256,26,16616,16616,82
0,256,27,16537,16537,87
0,256,28,16364,16364,89
0,256,29,16668,16668,83
0,256,30,15630,15630,80
0,256,31,16064,16064,73
0,256,32,16614,16614,83
0,256,33,16630,16630,85
0,256,34,16409,16409,96
0,256,35,16085,16085,76
0,256,36,16335,16335,78
0,256,37,16481,16481,93
0,256,38,16588,16588,80
0,256,39,16304,16304,96
0,256,40,16323,16323,89
0,256,41,16430,16430,81
0,256,42,16347,16347,85
0,256,43,16050,16050,88
0,256,44,16577,16577,101
0,256,45,15883,15883,103
0,256,46,16607,16607,85
0,256,47,16158,16158,96
0,256,48,15162,15162,93
0,256,49,16182,16182,99
0,256,50,16233,16233,101
0,1024,1,16579,16579,75
0,1024,2,16585,16585,89
0,1024,3,16567,16567,93
0,1024,4,16483,16483,82
0,1024,5,16562,16562,93
0,1024,6,16511,16511,81
0,1024,7,16670,16670,86
0,1024,8,16516,16516,101
0,1024,9,16651,16651,87
0,1024,10,16524,16524,102
0,1024,11,16633,16633,93
0,1024,12,16633,16633,90
0,1024,13,16638,16638,86
0,1024,14,16523,16523,81
0,1024,15,16577,16577,91
0,1024,16,16503,16503,71
0,1024,17,16584,16584,101
0,1024,18,16649,16649,84
0,1024,19,16630,16630,83
0,1024,20,16540,16540,73
0,1024,21,16567,16567,86
0,1024,22,16597,16597,89
0,1024,23,16584,16584,99
0,1024,24,16634,16634,91
0,1024,25,16587,16587,82
0,1024,26,16616,16616,82
0,1024,27,16537,16537,87
0,1024,28,16364,16364,89
0,1024,29,16668,16668,83
0,1024,30,16490,16490,101
0,1024,31,16581,16581,88
0,1024,32,16614,16614,83
0,1024,33,16630,16630,85
0,1024,34,16409,16409,96
0,1024,35,16307,16307,90
0,1024,36,16547,16547,100
0,1024,37,16598,16598,88
0,1024,38,16588,16588,80
0,1024,39,16516,16516,92
0,1024,40,16633,16633,85
0,1024,41,16592,16592,85
0,1024,42,16347,16347,85
0,1024,43,16367,16367,96
0,1024,44,16577,16577,101
0,1024,45,16573,16573,92
0,1024,46,16625,16625,80
0,1024,47,16495,16495,77
0,1024,48,16517,16517,86
0,1024,49,16455,16455,98
0,1024,50,16503,16503,89
0,4096,1,16624,16624,81
0,4096,2,16585,16585,89
0,4096,3,16651,16651,80
0,4096,4,16636,16636,89
0,4096,5,16604,16604,90
0,4096,6,16633,16633,86
0,4096,7,16670,16670,86
0,4096,8,16579,16579,86
0,4096,9,16660,16660,86
0,4096,10,16577,16577,83
0,4096,11,16633,16633,93
0,4096,12,16663,16663,81
0,4096,13,16638,16638,86
0,4096,14,16625,16625,91
0,4096,15,16634,16634,76
0,4096,16,16601,16601,82
0,4096,17,16630,16630,78
0,4096,18,16649,16649,84
0,4096,19,16638,16638,78
0,4096,20,16620,16620,75
0,4096,21,16632,16632,77
0,4096,22,16676,16676,81
0,4096,23,16610,16610,85
0,4096,24,16634,16634,91
0,4096,25,16658,16658,86
0,4096,26,16616,16616,82
0,4096,27,16561,16561,83
0,4096,28,16640,16640,83
0,4096,29,16668,16668,83
0,4096,30,16624,16624,88
0,4096,31,16667,16667,83
0,4096,32,16614,16614,83
0,4096,33,16652,16652,90
0,4096,34,16660,16660,86
0,4096,35,16656,16656,85
0,4096,36,16548,16548,80
0,4096,37,16636,16636,84
0,4096,38,16654,16654,87
0,4096,39,16621,16621,84
0,4096,40,16633,16633,85
0,4096,41,16638,16638,79
0,4096,42,16662,16662,86
0,4096,43,16636,16636,81
0,4096,44,16577,16577,101
0,4096,45,16662,16662,82
0,4096,46,16627,16627,84
0,4096,47,16673,16673,86
0,4096,48,16630,16630,83
0,4096,49,16615,16615,81
0,4096,50,16513,16513,73
1,256,1,16216,16216,104
1,256,2,16241,16241,84
1,256,3,16465,16465,101
1,256,4,16558,16558,95
1,256,5,16545,16545,99
1,256,6,16531,16531,75
1,256,7,16543,16543,104
1,256,8,16293,16293,104
1,256,9,16054,16054,100
1,256,10,16625,16625,80
1,256,11,16589,16589,88
1,256,12,16437,16437,76
1,256,13,16374,16374,76
1,256,14,16279,16279,80
1,256,15,16638,16638,85
1,256,16,16672,16672,90
1,256,17,16590,16590,80
1,256,18,16574,16574,83
1,256,19,16578,16578,74
1,256,20,16491,16491,74
1,256,21,16579,16579,82
1,256,22,16579,16579,97
1,256,23,16488,16488,87
1,256,24,16560,16560,70
1,256,25,16440,16440,105
1,256,26,16458,16458,88
1,256,27,16558,16558,88
1,256,28,16422,16422,77
1,256,29,16021,16021,80
1,256,30,16557,16557,79
1,256,31,16364,16364,116
1,256,32,16561,16561,106
1,256,33,16348,16348,75
1,256,34,16124,16124,89
1,256,35,16531,16531,96
1,256,36,16553,16553,83
1,256,37,16304,16304,92
1,256,38,16192,16192,70
1,256,39,16177,16177,114
1,256,40,16504,16504,71
1,256,41,15876,15876,65
1,256,42,16606,16606,91
1,256,43,16448,16448,94
1,256,44,16342,16342,102
1,256,45,16653,16653,84
1,256,46,16563,16563,84
1,256,47,16609,16609,92
1,256,48,16379,16379,81
1,256,49,16346,16346,76
1,256,50,16228,16228,87
1,1024,1,16589,16589,81
1,1024,2,16495,16495,93
1,1024,3,16563,16563,96
1,1024,4,16645,16645,93
1,1024,5,16613,16613,82
1,1024,6,16546,16546,91
1,1024,7,16543,16543,104
1,1024,8,16537,16537,82
1,1024,9,16665,16665,91
1,1024,10,16625,16625,80
1,1024,11,16606,16606,98
1,1024,12,16594,16594,74
1,1024,13,16646,16646,90
1,1024,14,16614,16614,81
1,1024,15,16638,16638,85
1,1024,16,16672,16672,90
1,1024,17,16650,16650,88
1,1024,18,16617,16617,92
1,1024,19,16641,16641,86
1,1024,20,16513,16513,74
1,1024,21,16651,16651,89
1,1024,22,16637,16637,86
1,1024,23,16488,16488,87
1,1024,24,16678,16678,89
1,1024,25,16535,16535,80
1,1024,26,16641,16641,85
1,1024,27,16558,16558,88
1,1024,28,16603,16603,91
1,1024,29,16499,16499,78
1,1024,30,16646,16646,85
1,1024,31,16686,16686,88
1,1024,32,16613,16613,95
1,1024,33,16580,16580,98
1,1024,34,16603,16603,86
1,1024,35,16659,16659,84
1,1024,36,16567,16567,88
1,1024,37,16671,16671,82
1,1024,38,16670,16670,89
1,1024,39,16614,16614,78
1,1024,40,16504,16504,71
1,1024,41,16624,16624,88
1,1024,42,16606,16606,91
1,1024,43,16593,16593,88
1,1024,44,16672,16672,87
1,1024,45,16653,16653,84
1,1024,46,16565,16565,83
1,1024,47,16609,16609,92
1,1024,48,16569,16569,105
1,1024,49,16671,16671,90
1,1024,50,16669,16669,82
1,4096,1,16676,16676,101
1,4096,2,16654,16654,96
1,4096,3,16673,16673,93
1,4096,4,16645,16645,93
1,4096,5,16671,16671,89
1,4096,6,16648,16648,81
1,4096,7,16649,16649,90
1,4096,8,16653,16653,86
1,4096,9,16665,16665,91
1,4096,10,16634,16634,80
1,4096,11,16649,16649,85
1,4096,12,16661,16661,92
1,4096,13,16646,16646,90
1,4096,14,16669,16669,88
1,4096,15,16656,16656,81
1,4096,16,16678,16678,87
1,4096,17,16654,16654,83
1,4096,18,16637,16637,92
1,4096,19,16660,16660,89
1,4096,20,16625,16625,93
1,4096,21,16651,16651,89
1,4096,22,16674,16674,82
1,4096,23,16664,16664,93
1,4096,24,16678,16678,89
1,4096,25,16611,16611,79
1,4096,26,16641,16641,85
1,4096,27,16606,16606,77
1,4096,28,16643,16643,86
1,4096,29,16672,16672,85
1,4096,30,16655,16655,92
1,4096,31,16686,16686,88
1,4096,32,16636,16636,89
1,4096,33,16677,16677,92
1,4096,34,16636,16636,87
1,4096,35,16666,16666,89
1,4096,36,16664,16664,89
1,4096,37,16671,16671,82
1,4096,38,16670,16670,89
1,4096,39,16641,16641,81
1,4096,40,16615,16615,94
1,4096,41,16668,16668,93
1,4096,42,16640,16640,83
1,4096,43,16690,16690,91
1,4096,44,16672,16672,87
1,4096,45,16653,16653,84
1,4096,46,16638,16638,80
1,4096,47,16656,16656,85
1,4096,48,16652,16652,96
1,4096,49,16671,16671,90
1,4096,50,16669,16669,82
2,256,1,16439,16439,89
2,256,2,16189,16189,94
2,256,3,16455,16455,83
2,256,4,16555,16555,78
2,256,5,16448,16448,78
2,256,6,16326,16326,73
2,256,7,16461,16461,90
2,256,8,16394,16394,91
2,256,9,16555,16555,75
2,256,10,16318,16318,89
2,256,11,15701,15701,81
2,256,12,16569,16569,82
2,256,13,16152,16152,92
2,256,14,16552,16552,76
2,256,15,16583,16583,88
2,256,16,16545,16545,100
2,256,17,16536,16536,92
2,256,18,16555,16555,77
2,256,19,16400,16400,90
2,256,20,16431,16431,83
2,256,21,16455,16455,92
2,256,22,16530,16530,98
2,256,23,16580,16580,77
2,256,24,16619,16619,76
2,256,25,16122,16122,94
2,256,26,16420,16420,87
2,256,27,16430,16430,78
2,256,28,16453,16453,81
2,256,29,16533,16533,73
2,256,30,16546,16546,83
2,256,31,16411,16411,102
2,256,32,16570,16570,92
2,256,33,16554,16554,87
2,256,34,16444,16444,88
2,256,35,16560,16560,104
2,256,36,16454,16454,98
2,256,37,16475,16475,86
2,256,38,16021,16021,99
2,256,39,16534,16534,84
2,256,40,16456,16456,106
2,256,41,16472,16472,67
2,256,42,16034,16034,102
2,256,43,16431,16431,85
2,256,44,16034,16034,78
2,256,45,15755,15755,89
2,256,46,15903,15903,84
2,256,47,16092,16092,92
2,256,48,16346,16346,92
2,256,49,16597,16597,83
2,256,50,16555,16555,72
2,1024,1,16439,16439,89
2,1024,2,16470,16470,79
2,1024,3,16618,16618,85
2,1024,4,16601,16601,79
2,1024,5,16616,16616,73
2,1024,6,16506,16506,96
2,1024,7,16590,16590,84
2,1024,8,16580,16580,85
2,1024,9,16588,16588,67
2,1024,10,16592,16592,83
2,1024,11,16602,16602,76
2,1024,12,16615,16615,81
2,1024,13,16607,16607,83
2,1024,14,16552,16552,76
2,1024,15,16583,16583,88
2,1024,16,16545,16545,100
2,1024,17,16608,16608,81
2,1024,18,16555,16555,77
2,1024,19,16412,16412,88
2,1024,20,16569,16569,74
2,1024,21,16520,16520,73
2,1024,22,16581,16581,77
2,1024,23,16580,16580,77
2,1024,24,16638,16638,72
2,1024,25,16622,16622,75
2,1024,26,16648,16648,76
2,1024,27,16608,16608,81
2,1024,28,16497,16497,84
2,1024,29,16621,16621,81
2,1024,30,16546,16546,83
2,1024,31,16597,16597,96
2,1024,32,16635,16635,82
2,1024,33,16598,16598,72
2,1024,34,16605,16605,87
2,1024,35,16600,16600,91
2,1024,36,16599,16599,79
2,1024,37,16630,16630,72
2,1024,38,16358,16358,105
2,1024,39,16534,16534,84
2,1024,40,16524,16524,68
2,1024,41,16630,16630,73
2,1024,42,16334,16334,91
2,1024,43,16586,16586,87
2,1024,44,16581,16581,78
2,1024,45,16599,16599,86
2,1024,46,16577,16577,80
2,1024,47,16558,16558,74
2,1024,48,16346,16346,92
2,1024,49,16597,16597,83
2,1024,50,16563,16563,80
2,4096,1,16617,16617,86
2,4096,2,16540,16540,81
2,4096,3,16628,16628,79
2,4096,4,16626,16626,85
2,4096,5,16616,16616,73
2,4096,6,16658,16658,79
2,4096,7,16598,16598,82
2,4096,8,16627,16627,82
2,4096,9,16628,16628,77
2,4096,10,16592,16592,83
2,4096,11,16602,16602,76
2,4096,12,16615,16615,81
2,4096,13,16640,16640,84
2,4096,14,16586,16586,69
2,4096,15,16583,16583,88
2,4096,16,16614,16614,73
2,4096,17,16626,16626,80
2,4096,18,16612,16612,85
2,4096,19,16614,16614,81
2,4096,20,16569,16569,74
2,4096,21,16646,16646,80
2,4096,22,16645,16645,85
2,4096,23,16597,16597,71
2,4096,24,16638,16638,72
2,4096,25,16622,16622,75
2,4096,26,16648,16648,76
2,4096,27,16608,16608,81
2,4096,28,16645,16645,80
2,4096,29,16653,16653,78
2,4096,30,16586,16586,80
2,4096,31,16597,16597,96
2,4096,32,16635,16635,82
2,4096,33,16617,16617,79
2,4096,34,16628,16628,85
2,4096,35,16642,16642,80
2,4096,36,16599,16599,79
2,4096,37,16637,16637,86
2,4096,38,16592,16592,81
2,4096,39,16633,16633,81
2,4096,40,16611,16611,78
2,4096,41,16643,16643,86
2,4096,42,16614,16614,70
2,4096,43,16616,16616,75
2,4096,44,16617,16617,81
2,4096,45,16607,16607,80
2,4096,46,16646,16646,77
2,4096,47,16607,16607,86
2,4096,48,16642,16642,79
2,4096,49,16625,16625,87
2,4096,50,16646,16646,78
3,256,1,16161,16161,93
3,256,2,16339,16339,88
3,256,3,15751,15751,87
3,256,4,16355,16355,79
3,256,5,15813,15813,114
3,256,6,15773,15773,97
3,256,7,16260,16260,81
3,256,8,16255,16255,107
3,256,9,16417,16417,84
3,256,10,15631,15631,74
3,256,11,16148,16148,105
3,256,12,16223,16223,89
3,256,13,16121,16121,86
3,256,14,16078,16078,95
3,256,15,16283,16283,81
3,256,16,16276,16276,88
3,256,17,16299,16299,76
3,256,18,16219,16219,78
3,256,19,16239,16239,108
3,256,20,16302,16302,98
3,256,21,16171,16171,96
3,256,22,16337,16337,76
3,256,23,16078,16078,72
3,256,24,16249,16249,80
3,256,25,15820,15820,105
3,256,26,16367,16367,74
3,256,27,15867,15867,102
3,256,28,16252,16252,96
3,256,29,16326,16326,85
3,256,30,15806,15806,79
3,256,31,15998,15998,118
3,256,32,16327,16327,83
3,256,33,15845,15845,99
3,256,34,15884,15884,113
3,256,35,16139,16139,65
3,256,36,16278,16278,97
3,256,37,16296,16296,93
3,256,38,16167,16167,75
3,256,39,15795,15795,104
3,256,40,15988,15988,90
3,256,41,15624,15624,100
3,256,42,16103,16103,90
3,256,43,16238,16238,81
3,256,44,16207,16207,99
3,256,45,16117,16117,86
3,256,46,16285,16285,99
3,256,47,15658,15658,89
3,256,48,16273,16273,84
3,256,49,16299,16299,66
3,256,50,16405,16405,83
3,1024,1,16301,16301,82
3,1024,2,16339,16339,88
3,1024,3,16241,16241,105
3,1024,4,16355,16355,79
3,1024,5,16357,16357,75
3,1024,6,16404,16404,80
3,1024,7,16260,16260,81
3,1024,8,16283,16283,83
3,1024,9,16417,16417,84
3,1024,10,16355,16355,84
3,1024,11,16163,16163,112
3,1024,12,16223,16223,89
3,1024,13,16385,16385,78
3,1024,14,16346,16346,77
3,1024,15,16315,16315,81
3,1024,16,16360,16360,75
3,1024,17,16366,16366,75
3,1024,18,16318,16318,93
3,1024,19,16239,16239,108
3,1024,20,16323,16323,79
3,1024,21,16278,16278,94
3,1024,22,16337,16337,76
3,1024,23,16383,16383,76
3,1024,24,16249,16249,80
3,1024,25,16282,16282,93
3,1024,26,16367,16367,74
3,1024,27,16252,16252,93
3,1024,28,16330,16330,89
3,1024,29,16407,16407,80
3,1024,30,16276,16276,96
3,1024,31,16369,16369,88
3,1024,32,16355,16355,87
3,1024,33,16329,16329,74
3,1024,34,16322,16322,98
3,1024,35,16239,16239,89
3,1024,36,16284,16284,83
3,1024,37,16296,16296,93
3,1024,38,16242,16242,91
3,1024,39,16321,16321,85
3,1024,40,16256,16256,75
3,1024,41,16269,16269,102
3,1024,42,16380,16380,78
3,1024,43,16346,16346,85
3,1024,44,16304,16304,87
3,1024,45,16342,16342,86
3,1024,46,16285,16285,99
3,1024,47,16284,16284,95
3,1024,48,16373,16373,78
3,1024,49,16299,16299,66
3,1024,50,16405,16405,83
3,4096,1,16392,16392,80
3,4096,2,16339,16339,88
3,4096,3,16346,16346,85
3,4096,4,16378,16378,91
3,4096,5,16392,16392,77
3,4096,6,16404,16404,80
3,4096,7,16347,16347,94
3,4096,8,16352,16352,92
3,4096,9,16417,16417,84
3,4096,10,16367,16367,92
3,4096,11,16359,16359,88
3,4096,12,16314,16314,91
3,4096,13,16387,16387,75
3,4096,14,16383,16383,89
3,4096,15,16370,16370,79
3,4096,16,16400,16400,77
3,4096,17,16378,16378,75
3,4096,18,16367,16367,86
3,4096,19,16318,16318,83
3,4096,20,16368,16368,73
3,4096,21,16412,16412,80
3,4096,22,16337,16337,76
3,4096,23,16383,16383,76
3,4096,24,16405,16405,84
3,4096,25,16390,16390,76
3,4096,26,16402,16402,89
3,4096,27,16369,16369,82
3,4096,28,16351,16351,87
3,4096,29,16411,16411,86
3,4096,30,16348,16348,71
3,4096,31,16369,16369,88
3,4096,32,16355,16355,87
3,4096,33,16329,16329,74
3,4096,34,16351,16351,86
3,4096,35,16386,16386,77
3,4096,36,16405,16405,90
3,4096,37,16382,16382,86
3,4096,38,16354,16354,86
3,4096,39,16368,16368,86
3,4096,40,16318,16318,99
3,4096,41,16321,16321,81
3,4096,42,16388,16388,79
3,4096,43,16390,16390,75
3,4096,44,16315,16315,83
3,4096,45,16342,16342,86
3,4096,46,16334,16334,84
3,4096,47,16334,16334,91
3,4096,48,16406,16406,91
3,4096,49,16417,16417,83
3,4096,50,16405,16405,83
4,256,1,15856,15856,81
4,256,2,15962,15962,77
4,256,3,15803,15803,67
4,256,4,15821,15821,69
4,256,5,15694,15694,108
4,256,6,15835,15835,73
4,256,7,15769,15769,81
4,256,8,15827,15827,60
4,256,9,15783,15783,62
4,256,10,15874,15874,59
4,256,11,15810,15810,72
4,256,12,15813,15813,73
4,256,13,15391,15391,104
4,256,14,15653,15653,95
4,256,15,15790,15790,71
4,256,16,15434,15434,95
4,256,17,15785,15785,64
4,256,18,15587,15587,70
4,256,19,15791,15791,78
4,256,20,15815,15815,61
4,256,21,15428,15428,100
4,256,22,15804,15804,97
4,256,23,15780,15780,74
4,256,24,15597,15597,94
4,256,25,15818,15818,69
4,256,26,15630,15630,82
4,256,27,15868,15868,82
4,256,28,15610,15610,91
4,256,29,15814,15814,66
4,256,30,15852,15852,87
4,256,31,15794,15794,65
4,256,32,15615,15615,74
4,256,33,15856,15856,74
4,256,34,15611,15611,60
4,256,35,15626,15626,74
4,256,36,15773,15773,59
4,256,37,15499,15499,90
4,256,38,15948,15948,76
4,256,39,15860,15860,69
4,256,40,15766,15766,78
4,256,41,15628,15628,84
4,256,42,15803,15803,74
4,256,43,15854,15854,68
4,256,44,15404,15404,101
4,256,45,15744,15744,78
4,256,46,15623,15623,84
4,256,47,15845,15845,64
4,256,48,15570,15570,83
4,256,49,15641,15641,73
4,256,50,15903,15903,77
4,1024,1,15953,15953,73
4,1024,2,15962,15962,77
4,1024,3,15859,15859,86
4,1024,4,15926,15926,76
4,1024,5,15829,15829,68
4,1024,6,15885,15885,76
4,1024,7,15884,15884,85
4,1024,8,15841,15841,81
4,1024,9,15840,15840,87
4,1024,10,15925,15925,81
4,1024,11,15810,15810,72
4,1024,12,15901,15901,61
4,1024,13,15784,15784,80
4,1024,14,15866,15866,70
4,1024,15,15885,15885,70
4,1024,16,15956,15956,71
4,1024,17,15921,15921,84
4,1024,18,15718,15718,72
4,1024,19,15971,15971,68
4,1024,20,15889,15889,70
4,1024,21,15848,15848,71
4,1024,22,15856,15856,70
4,1024,23,15804,15804,74
4,1024,24,15995,15995,77
4,1024,25,15889,15889,70
4,1024,26,15908,15908,77
4,1024,27,15868,15868,82
4,1024,28,15974,15974,71
4,1024,29,15814,15814,66
4,1024,30,15938,15938,83
4,1024,31,15822,15822,76
4,1024,32,15615,15615,74
4,1024,33,15931,15931,75
4,1024,34,15806,15806,73
4,1024,35,15626,15626,74
4,1024,36,15847,15847,60
4,1024,37,15786,15786,82
4,1024,38,15948,15948,76
4,1024,39,15933,15933,66
4,1024,40,15766,15766,78
4,1024,41,15825,15825,79
4,1024,42,15855,15855,79
4,1024,43,15854,15854,68
4,1024,44,15853,15853,59
4,1024,45,15908,15908,88
4,1024,46,15793,15793,101
4,1024,47,15845,15845,64
4,1024,48,15762,15762,80
4,1024,49,15692,15692,89
4,1024,50,15903,15903,77
4,4096,1,15961,15961,76
4,4096,2,15962,15962,77
4,4096,3,15899,15899,66
4,4096,4,15926,15926,76
4,4096,5,15963,15963,75
4,4096,6,15890,15890,85
4,4096,7,15884,15884,85
4,4096,8,15841,15841,81
4,4096,9,15959,15959,79
4,4096,10,15925,15925,81
4,4096,11,15940,15940,72
4,4096,12,15937,15937,76
4,4096,13,15908,15908,79
4,4096,14,15966,15966,70
4,4096,15,15888,15888,69
4,4096,16,15956,15956,71
4,4096,17,15970,15970,69
4,4096,18,15947,15947,69
4,4096,19,15982,15982,75
4,4096,20,15889,15889,70
4,4096,21,15935,15935,71
4,4096,22,15909,15909,71
4,4096,23,15945,15945,69
4,4096,24,15995,15995,77
4,4096,25,15915,15915,81
4,4096,26,15954,15954,77
4,4096,27,15936,15936,69
4,4096,28,15974,15974,71
4,4096,29,15951,15951,78
4,4096,30,15938,15938,83
4,4096,31,15886,15886,59
4,4096,32,15899,15899,87
4,4096,33,15931,15931,75
4,4096,34,15854,15854,73
4,4096,35,15897,15897,73
4,4096,36,15851,15851,92
4,4096,37,15881,15881,78
4,4096,38,15948,15948,76
4,4096,39,15933,15933,66
4,4096,40,15980,15980,77
4,4096,41,15884,15884,65
4,4096,42,15929,15929,73
4,4096,43,15919,15919,79
4,4096,44,15973,15973,78
4,4096,45,15966,15966,81
4,4096,46,15919,15919,70
4,4096,47,15845,15845,64
4,4096,48,15877,15877,71
4,4096,49,15970,15970,70
4,4096,50,15903,15903,77
5,256,1,15901,15901,68
5,256,2,15198,15198,58
5,256,3,15849,15849,66
5,256,4,16018,16018,62
5,256,5,15950,15950,84
5,256,6,15895,15895,55
5,256,7,15944,15944,62
5,256,8,15971,15971,68
5,256,9,15797,15797,76
5,256,10,15715,15715,57
5,256,11,15737,15737,68
5,256,12,15935,15935,73
5,256,13,15736,15736,74
5,256,14,15316,15316,73
5,256,15,15611,15611,70
5,256,16,15743,15743,81
5,256,17,15805,15805,71
5,256,18,15770,15770,68
5,256,19,15959,15959,63
5,256,20,15896,15896,69
5,256,21,15883,15883,67
5,256,22,15803,15803,65
5,256,23,15655,15655,66
5,256,24,15452,15452,75
5,256,25,15889,15889,58
5,256,26,15933,15933,76
5,256,27,15780,15780,74
5,256,28,15903,15903,87
5,256,29,15952,15952,77
5,256,30,15731,15731,102
5,256,31,15798,15798,81
5,256,32,15928,15928,57
5,256,33,15658,15658,62
5,256,34,15908,15908,55
5,256,35,15752,15752,76
5,256,36,15757,15757,70
5,256,37,15877,15877,75
5,256,38,15756,15756,83
5,256,39,16020,16020,65
5,256,40,15954,15954,72
5,256,41,15917,15917,70
5,256,42,15873,15873,92
5,256,43,15911,15911,64
5,256,44,15677,15677,70
5,256,45,15621,15621,67
5,256,46,15995,15995,59
5,256,47,15886,15886,77
5,256,48,16018,16018,74
5,256,49,15902,15902,67
5,256,50,15798,15798,68
5,1024,1,15901,15901,68
5,1024,2,15776,15776,54
5,1024,3,15899,15899,88
5,1024,4,16018,16018,62
5,1024,5,15950,15950,84
5,1024,6,15922,15922,69
5,1024,7,15944,15944,62
5,1024,8,15971,15971,68
5,1024,9,15875,15875,72
5,1024,10,15969,15969,73
5,1024,11,15940,15940,63
5,1024,12,15935,15935,73
5,1024,13,16073,16073,63
5,1024,14,15930,15930,78
5,1024,15,15948,15948,71
5,1024,16,15952,15952,71
5,1024,17,15805,15805,71
5,1024,18,15923,15923,84
5,1024,19,15959,15959,63
5,1024,20,15907,15907,73
5,1024,21,16010,16010,62
5,1024,22,15839,15839,58
5,1024,23,15955,15955,61
5,1024,24,16038,16038,60
5,1024,25,16054,16054,66
5,1024,26,15980,15980,82
5,1024,27,15819,15819,81
5,1024,28,15903,15903,87
5,1024,29,15989,15989,74
5,1024,30,16060,16060,68
5,1024,31,15971,15971,70
5,1024,32,15928,15928,57
5,1024,33,15869,15869,92
5,1024,34,15908,15908,55
5,1024,35,15970,15970,64
5,1024,36,16003,16003,69
5,1024,37,16034,16034,69
5,1024,38,16002,16002,67
5,1024,39,16020,16020,65
5,1024,40,15954,15954,72
5,1024,41,16021,16021,62
5,1024,42,15953,15953,59
5,1024,43,15933,15933,82
5,1024,44,16068,16068,61
5,1024,45,15952,15952,86
5,1024,46,16005,16005,59
5,1024,47,15970,15970,68
5,1024,48,16018,16018,74
5,1024,49,15902,15902,67
5,1024,50,15981,15981,63
5,4096,1,15976,15976,61
5,4096,2,16005,16005,63
5,4096,3,16012,16012,80
5,4096,4,16061,16061,70
5,4096,5,16051,16051,68
5,4096,6,16065,16065,67
5,4096,7,15990,15990,62
5,4096,8,16023,16023,68
5,4096,9,15997,15997,78
5,4096,10,16036,16036,61
5,4096,11,16028,16028,59
5,4096,12,15954,15954,62
5,4096,13,16073,16073,63
5,4096,14,15997,15997,67
5,4096,15,16022,16022,69
5,4096,16,15981,15981,63
5,4096,17,15962,15962,75
5,4096,18,16008,16008,67
5,4096,19,16005,16005,77
5,4096,20,16047,16047,70
5,4096,21,16048,16048,73
5,4096,22,16057,16057,63
5,4096,23,16013,16013,80
5,4096,24,16074,16074,70
5,4096,25,16054,16054,66
5,4096,26,16006,16006,60
5,4096,27,16049,16049,70
5,4096,28,16047,16047,62
5,4096,29,16033,16033,67
5,4096,30,16060,16060,68
5,4096,31,15993,15993,83
5,4096,32,16073,16073,68
5,4096,33,16059,16059,64
5,4096,34,16014,16014,73
5,4096,35,16066,16066,68
5,4096,36,16026,16026,75
5,4096,37,16034,16034,69
5,4096,38,16002,16002,67
5,4096,39,16071,16071,70
5,4096,40,16058,16058,70
5,4096,41,16058,16058,68
5,4096,42,16032,16032,63
5,4096,43,16034,16034,73
5,4096,44,16068,16068,61
5,4096,45,16028,16028,65
5,4096,46,16005,16005,59
5,4096,47,16042,16042,62
5,4096,48,16018,16018,74
5,4096,49,16075,16075,68
5,4096,50,16069,16069,66
6,256,1,15774,15774,110
6,256,2,15635,15635,94
6,256,3,15681,15681,82
6,256,4,15683,15683,79
6,256,5,15068,15068,105
6,256,6,15650,15650,73
6,256,7,15660,15660,98
6,256,8,15461,15461,94
6,256,9,15780,15780,91
6,256,10,15718,15718,98
6,256,11,15698,15698,79
6,256,12,15723,15723,99
6,256,13,15162,15162,82
6,256,14,15621,15621,72
6,256,15,15581,15581,90
6,256,16,15564,15564,75
6,256,17,15888,15888,95
6,256,18,15696,15696,74
6,256,19,15860,15860,87
6,256,20,15831,15831,79
6,256,21,15886,15886,87
6,256,22,15803,15803,79
6,256,23,15895,15895,97
6,256,24,15853,15853,99
6,256,25,15700,15700,95
6,256,26,15714,15714,100
6,256,27,15675,15675,89
6,256,28,15756,15756,84
6,256,29,15728,15728,77
6,256,30,15662,15662,71
6,256,31,15768,15768,80
6,256,32,15842,15842,92
6,256,33,15705,15705,100
6,256,34,15564,15564,92
6,256,35,15643,15643,89
6,256,36,15753,15753,74
6,256,37,15682,15682,90
6,256,38,15560,15560,94
6,256,39,15786,15786,92
6,256,40,15550,15550,83
6,256,41,15785,15785,93
6,256,42,15813,15813,100
6,256,43,15734,15734,90
6,256,44,15876,15876,85
6,256,45,15764,15764,87
6,256,46,15546,15546,94
6,256,47,15847,15847,90
6,256,48,15689,15689,89
6,256,49,15413,15413,105
6,256,50,15596,15596,124
6,1024,1,15838,15838,81
6,1024,2,15713,15713,82
6,1024,3,15697,15697,86
6,1024,4,15876,15876,99
6,1024,5,15852,15852,97
6,1024,6,15881,15881,89
6,1024,7,15869,15869,92
6,1024,8,15692,15692,75
6,1024,9,15837,15837,80
6,1024,10,15844,15844,89
6,1024,11,15837,15837,100
6,1024,12,15773,15773,110
6,1024,13,15859,15859,92
6,1024,14,15722,15722,97
6,1024,15,15851,15851,86
6,1024,16,15828,15828,78
6,1024,17,15888,15888,95
6,1024,18,15829,15829,82
6,1024,19,15860,15860,87
6,1024,20,15831,15831,79
6,1024,21,15886,15886,87
6,1024,22,15830,15830,96
6,1024,23,15895,15895,97
6,1024,24,15853,15853,99
6,1024,25,15878,15878,82
6,1024,26,15853,15853,96
6,1024,27,15822,15822,110
6,1024,28,15756,15756,84
6,1024,29,15728,15728,77
6,1024,30,15662,15662,71
6,1024,31,15768,15768,80
6,1024,32,15842,15842,92
6,1024,33,15834,15834,84
6,1024,34,15642,15642,72
6,1024,35,15748,15748,87
6,1024,36,15796,15796,80
6,1024,37,15810,15810,78
6,1024,38,15702,15702,106
6,1024,39,15868,15868,94
6,1024,40,15798,15798,87
6,1024,41,15862,15862,80
6,1024,42,15877,15877,100
6,1024,43,15764,15764,98
6,1024,44,15876,15876,85
6,1024,45,15764,15764,87
6,1024,46,15836,15836,78
6,1024,47,15847,15847,90
6,1024,48,15872,15872,101
6,1024,49,15854,15854,83
6,1024,50,15735,15735,105
6,4096,1,15838,15838,81
6,4096,2,15810,15810,101
6,4096,3,15883,15883,95
6,4096,4,15876,15876,99
6,4096,5,15898,15898,90
6,4096,6,15881,15881,89
6,4096,7,15869,15869,92
6,4096,8,15829,15829,95
6,4096,9,15865,15865,96
6,4096,10,15900,15900,90
6,4096,11,15837,15837,100
6,4096,12,15843,15843,94
6,4096,13,15900,15900,83
6,4096,14,15887,15887,93
6,4096,15,15893,15893,83
6,4096,16,15845,15845,93
6,4096,17,15888,15888,95
6,4096,18,15872,15872,95
6,4096,19,15863,15863,101
6,4096,20,15831,15831,79
6,4096,21,15890,15890,90
6,4096,22,15901,15901,95
6,4096,23,15895,15895,97
6,4096,24,15895,15895,86
6,4096,25,15878,15878,82
6,4096,26,15865,15865,95
6,4096,27,15870,15870,95
6,4096,28,15868,15868,102
6,4096,29,15888,15888,89
6,4096,30,15859,15859,88
6,4096,31,15870,15870,103
6,4096,32,15894,15894,86
6,4096,33,15894,15894,98
6,4096,34,15890,15890,86
6,4096,35,15856,15856,89
6,4096,36,15878,15878,103
6,4096,37,15874,15874,94
6,4096,38,15853,15853,102
6,4096,39,15868,15868,94
6,4096,40,15887,15887,88
6,4096,41,15912,15912,89
6,4096,42,15877,15877,100
6,4096,43,15891,15891,86
6,4096,44,15876,15876,85
6,4096,45,15883,15883,85
6,4096,46,15879,15879,99
6,4096,47,15857,15857,80
6,4096,48,15872,15872,101
6,4096,49,15886,15886,84
6,4096,50,15857,15857,83
7,256,1,15933,15933,68
7,256,2,16068,16068,106
7,256,3,16236,16236,94
7,256,4,16152,16152,85
7,256,5,15409,15409,88
7,256,6,16008,16008,91
7,256,7,16113,16113,78
7,256,8,15989,15989,110
7,256,9,16106,16106,73
7,256,10,16014,16014,102
7,256,11,15925,15925,85
7,256,12,16051,16051,114
7,256,13,16203,16203,76
7,256,14,16039,16039,71
7,256,15,16010,16010,79
7,256,16,16082,16082,78
7,256,17,15992,15992,107
7,256,18,16026,16026,95
7,256,19,16124,16124,97
7,256,20,16151,16151,83
7,256,21,15983,15983,115
7,256,22,16226,16226,98
7,256,23,15871,15871,94
7,256,24,16221,16221,87
7,256,25,16168,16168,98
7,256,26,16073,16073,85
7,256,27,16080,16080,76
7,256,28,16219,16219,101
7,256,29,16128,16128,92
7,256,30,16072,16072,88
7,256,31,15929,15929,71
7,256,32,15717,15717,101
7,256,33,15885,15885,86
7,256,34,15977,15977,79
7,256,35,16176,16176,87
7,256,36,16154,16154,81
7,256,37,16145,16145,73
7,256,38,16012,16012,70
7,256,39,16181,16181,89
7,256,40,15865,15865,123
7,256,41,16147,16147,87
7,256,42,15747,15747,104
7,256,43,15778,15778,71
7,256,44,15972,15972,92
7,256,45,15912,15912,91
7,256,46,16064,16064,86
7,256,47,16092,16092,93
7,256,48,16092,16092,92
7,256,49,16141,16141,100
7,256,50,15993,15993,86
7,1024,1,16154,16154,105
7,1024,2,16079,16079,78
7,1024,3,16236,16236,94
7,1024,4,16152,16152,85
7,1024,5,16121,16121,75
7,1024,6,16163,16163,105
7,1024,7,16198,16198,83
7,1024,8,16060,16060,95
7,1024,9,16131,16131,89
7,1024,10,16179,16179,98
7,1024,11,16217,16217,94
7,1024,12,16128,16128,78
7,1024,13,16235,16235,93
7,1024,14,16145,16145,81
7,1024,15,16067,16067,105
7,1024,16,16236,16236,95
7,1024,17,16051,16051,85
7,1024,18,16219,16219,83
7,1024,19,16129,16129,81
7,1024,20,16151,16151,83
7,1024,21,16073,16073,111
7,1024,22,16226,16226,98
7,1024,23,15871,15871,94
7,1024,24,16221,16221,87
7,1024,25,16168,16168,98
7,1024,26,16156,16156,79
7,1024,27,16150,16150,84
7,1024,28,16219,16219,101
7,1024,29,16128,16128,92
7,1024,30,16107,16107,100
7,1024,31,16161,16161,96
7,1024,32,16178,16178,99
7,1024,33,16179,16179,108
7,1024,34,16076,16076,93
7,1024,35,16176,16176,87
7,1024,36,16154,16154,81
7,1024,37,16175,16175,83
7,1024,38,16012,16012,70
7,1024,39,16181,16181,89
7,1024,40,16105,16105,76
7,1024,41,16163,16163,108
7,1024,42,16201,16201,95
7,1024,43,16184,16184,105
7,1024,44,16156,16156,92
7,1024,45,15912,15912,91
7,1024,46,16142,16142,79
7,1024,47,16092,16092,93
7,1024,48,16175,16175,81
7,1024,49,16141,16141,100
7,1024,50,16227,16227,87
7,4096,1,16169,16169,89
7,4096,2,16225,16225,89
7,4096,3,16236,16236,94
7,4096,4,16195,16195,99
7,4096,5,16235,16235,92
7,4096,6,16246,16246,89
7,4096,7,16211,16211,103
7,4096,8,16210,16210,94
7,4096,9,16228,16228,84
7,4096,10,16205,16205,77
7,4096,11,16217,16217,94
7,4096,12,16226,16226,100
7,4096,13,16235,16235,93
7,4096,14,16212,16212,93
7,4096,15,16212,16212,85
7,4096,16,16236,16236,95
7,4096,17,16182,16182,79
7,4096,18,16219,16219,83
7,4096,19,16193,16193,93
7,4096,20,16229,16229,81
7,4096,21,16226,16226,90
7,4096,22,16236,16236,90
7,4096,23,16227,16227,91
7,4096,24,16233,16233,94
7,4096,25,16229,16229,84
7,4096,26,16158,16158,86
7,4096,27,16235,16235,86
7,4096,28,16219,16219,101
7,4096,29,16229,16229,83
7,4096,30,16230,16230,98
7,4096,31,16195,16195,102
7,4096,32,16224,16224,97
7,4096,33,16179,16179,108
7,4096,34,16158,16158,78
7,4096,35,16240,16240,88
7,4096,36,16193,16193,104
7,4096,37,16183,16183,106
7,4096,38,16230,16230,96
7,4096,39,16216,16216,93
7,4096,40,16180,16180,94
7,4096,41,16172,16172,92
7,4096,42,16230,16230,95
7,4096,43,16217,16217,96
7,4096,44,16202,16202,93
7,4096,45,16153,16153,86
7,4096,46,16242,16242,86
7,4096,47,16210,16210,92
7,4096,48,16224,16224,88
7,4096,49,16168,16168,95
7,4096,50,16229,16229,83
8,256,1,15080,15080,78
8,256,2,15949,15949,92
8,256,3,15986,15986,94
8,256,4,15875,15875,107
8,256,5,15507,15507,91
8,256,6,15828,15828,86
8,256,7,15941,15941,96
8,256,8,15764,15764,90
8,256,9,15910,15910,80
8,256,10,15670,15670,69
8,256,11,15917,15917,86
8,256,12,15916,15916,89
8,256,13,15716,15716,104
8,256,14,15722,15722,115
8,256,15,15951,15951,101
8,256,16,15771,15771,92
8,256,17,15805,15805,79
8,256,18,15913,15913,120
8,256,19,15833,15833,94
8,256,20,15913,15913,106
8,256,21,15954,15954,96
8,256,22,15582,15582,112
8,256,23,15831,15831,118
8,256,24,15552,15552,74
8,256,25,15378,15378,138
8,256,26,15698,15698,98
8,256,27,15885,15885,82
8,256,28,15769,15769,94
8,256,29,15719,15719,102
8,256,30,16003,16003,102
8,256,31,15827,15827,85
8,256,32,15824,15824,74
8,256,33,15763,15763,110
8,256,34,15619,15619,94
8,256,35,15832,15832,97
8,256,36,15632,15632,132
8,256,37,15825,15825,94
8,256,38,15905,15905,101
8,256,39,15786,15786,83
8,256,40,15649,15649,83
8,256,41,15657,15657,83
8,256,42,15861,15861,79
8,256,43,15935,15935,80
8,256,44,15738,15738,87
8,256,45,15946,15946,97
8,256,46,15849,15849,85
8,256,47,15877,15877,105
8,256,48,15966,15966,91
8,256,49,15587,15587,75
8,256,50,15791,15791,91
8,1024,1,15780,15780,124
8,1024,2,15949,15949,92
8,1024,3,15986,15986,94
8,1024,4,15984,15984,107
8,1024,5,15769,15769,98
8,1024,6,15936,15936,87
8,1024,7,15987,15987,90
8,1024,8,15764,15764,90
8,1024,9,15920,15920,101
8,1024,10,15790,15790,115
8,1024,11,15986,15986,87
8,1024,12,15916,15916,89
8,1024,13,15907,15907,100
8,1024,14,15892,15892,108
8,1024,15,15951,15951,101
8,1024,16,15986,15986,108
8,1024,17,15945,15945,102
8,1024,18,15962,15962,101
8,1024,19,15973,15973,82
8,1024,20,15944,15944,85
8,1024,21,15954,15954,96
8,1024,22,15925,15925,113
8,1024,23,15831,15831,118
8,1024,24,15925,15925,101
8,1024,25,15771,15771,116
8,1024,26,15836,15836,99
8,1024,27,15981,15981,102
8,1024,28,15913,15913,95
8,1024,29,15866,15866,92
8,1024,30,16003,16003,102
8,1024,31,15827,15827,85
8,1024,32,15866,15866,113
8,1024,33,15926,15926,84
8,1024,34,15939,15939,77
8,1024,35,15832,15832,97
8,1024,36,15858,15858,93
8,1024,37,15926,15926,87
8,1024,38,15978,15978,91
8,1024,39,15997,15997,87
8,1024,40,15998,15998,96
8,1024,41,16007,16007,98
8,1024,42,15926,15926,112
8,1024,43,15935,15935,80
8,1024,44,15887,15887,77
8,1024,45,15946,15946,97
8,1024,46,15891,15891,118
8,1024,47,15877,15877,105
8,1024,48,15966,15966,91
8,1024,49,15905,15905,109
8,1024,50,15937,15937,91
8,4096,1,15982,15982,107
8,4096,2,16020,16020,93
8,4096,3,16024,16024,94
8,4096,4,15984,15984,107
8,4096,5,15993,15993,105
8,4096,6,15936,15936,87
8,4096,7,15987,15987,90
8,4096,8,15993,15993,91
8,4096,9,16004,16004,92
8,4096,10,15980,15980,91
8,4096,11,16003,16003,104
8,4096,12,15974,15974,98
8,4096,13,16021,16021,93
8,4096,14,15986,15986,86
8,4096,15,15951,15951,101
8,4096,16,15986,15986,108
8,4096,17,15945,15945,102
8,4096,18,15991,15991,106
8,4096,19,16001,16001,102
8,4096,20,15991,15991,87
8,4096,21,15977,15977,97
8,4096,22,16008,16008,96
8,4096,23,15985,15985,96
8,4096,24,15980,15980,110
8,4096,25,15993,15993,97
8,4096,26,15965,15965,83
8,4096,27,15997,15997,96
8,4096,28,16008,16008,93
8,4096,29,15993,15993,101
8,4096,30,16003,16003,102
8,4096,31,15976,15976,88
8,4096,32,15988,15988,108
8,4096,33,15983,15983,97
8,4096,34,15996,15996,103
8,4096,35,15958,15958,107
8,4096,36,15958,15958,107
8,4096,37,15977,15977,108
8,4096,38,15979,15979,103
8,4096,39,15997,15997,87
8,4096,40,15998,15998,96
8,4096,41,16007,16007,98
8,4096,42,15996,15996,103
8,4096,43,15935,15935,80
8,4096,44,15901,15901,120
8,4096,45,15971,15971,88
8,4096,46,15984,15984,104
8,4096,47,15999,15999,101
8,4096,48,15966,15966,91
8,4096,49,15926,15926,112
8,4096,50,15937,15937,91
9,256,1,15823,15823,98
9,256,2,15361,15361,85
9,256,3,15874,15874,74
9,256,4,16210,16210,98
9,256,5,15667,15667,93
9,256,6,15986,15986,113
9,256,7,15979,15979,82
9,256,8,15961,15961,103
9,256,9,15652,15652,93
9,256,10,15869,15869,72
9,256,11,15627,15627,122
9,256,12,15711,15711,86
9,256,13,16082,16082,101
9,256,14,15807,15807,93
9,256,15,15991,15991,91
9,256,16,16144,16144,83
9,256,17,16068,16068,96
9,256,18,16106,16106,84
9,256,19,15988,15988,74
9,256,20,15931,15931,78
9,256,21,16223,16223,85
9,256,22,16090,16090,95
9,256,23,16082,16082,101
9,256,24,15847,15847,118
9,256,25,16152,16152,88
9,256,26,16069,16069,100
9,256,27,15773,15773,92
9,256,28,15460,15460,104
9,256,29,15863,15863,85
9,256,30,16029,16029,81
9,256,31,16000,16000,100
9,256,32,15926,15926,97
9,256,33,15792,15792,85
9,256,34,16155,16155,77
9,256,35,15709,15709,78
9,256,36,15970,15970,99
9,256,37,16035,16035,75
9,256,38,15999,15999,72
9,256,39,16018,16018,114
9,256,40,15736,15736,65
9,256,41,15972,15972,87
9,256,42,16216,16216,91
9,256,43,16019,16019,110
9,256,44,15886,15886,77
9,256,45,15738,15738,92
9,256,46,15497,15497,70
9,256,47,14893,14893,78
9,256,48,16202,16202,103
9,256,49,16090,16090,93
9,256,50,15405,15405,102
9,1024,1,15962,15962,96
9,1024,2,15908,15908,96
9,1024,3,16078,16078,89
9,1024,4,16210,16210,98
9,1024,5,16057,16057,91
9,1024,6,16060,16060,76
9,1024,7,16107,16107,84
9,1024,8,16033,16033,85
9,1024,9,16114,16114,79
9,1024,10,16128,16128,106
9,1024,11,16213,16213,96
9,1024,12,15892,15892,101
9,1024,13,16182,16182,85
9,1024,14,15960,15960,91
9,1024,15,16000,16000,74
9,1024,16,16197,16197,86
9,1024,17,16068,16068,96
9,1024,18,16106,16106,84
9,1024,19,16067,16067,110
9,1024,20,16152,16152,108
9,1024,21,16223,16223,85
9,1024,22,16136,16136,90
9,1024,23,16082,16082,101
9,1024,24,15847,15847,118
9,1024,25,16152,16152,88
9,1024,26,16143,16143,78
9,1024,27,15956,15956,70
9,1024,28,16125,16125,114
9,1024,29,16140,16140,74
9,1024,30,16030,16030,74
9,1024,31,16020,16020,115
9,1024,32,16105,16105,109
9,1024,33,16051,16051,77
9,1024,34,16155,16155,77
9,1024,35,15806,15806,99
9,1024,36,15970,15970,99
9,1024,37,16118,16118,83
9,1024,38,16096,16096,83
9,1024,39,16018,16018,114
9,1024,40,16142,16142,72
9,1024,41,16011,16011,100
9,1024,42,16216,16216,91
9,1024,43,16019,16019,110
9,1024,44,16121,16121,108
9,1024,45,16136,16136,82
9,1024,46,15888,15888,84
9,1024,47,16193,16193,81
9,1024,48,16202,16202,103
9,1024,49,16090,16090,93
9,1024,50,16043,16043,108
9,4096,1,16161,16161,74
9,4096,2,16072,16072,101
9,4096,3,16087,16087,108
9,4096,4,16210,16210,98
9,4096,5,16075,16075,99
9,4096,6,16065,16065,76
9,4096,7,16137,16137,87
9,4096,8,16207,16207,93
9,4096,9,16132,16132,104
9,4096,10,16128,16128,106
9,4096,11,16213,16213,96
9,4096,12,16106,16106,76
9,4096,13,16182,16182,85
9,4096,14,16167,16167,106
9,4096,15,16174,16174,79
9,4096,16,16197,16197,86
9,4096,17,16205,16205,86
9,4096,18,16106,16106,84
9,4096,19,16174,16174,86
9,4096,20,16152,16152,108
9,4096,21,16223,16223,85
9,4096,22,16180,16180,80
9,4096,23,16176,16176,86
9,4096,24,16028,16028,114
9,4096,25,16156,16156,93
9,4096,26,16162,16162,85
9,4096,27,16068,16068,70
9,4096,28,16173,16173,100
9,4096,29,16140,16140,74
9,4096,30,16182,16182,88
9,4096,31,16157,16157,80
9,4096,32,16105,16105,109
9,4096,33,16149,16149,80
9,4096,34,16224,16224,84
9,4096,35,16147,16147,111
9,4096,36,16094,16094,83
9,4096,37,16118,16118,83
9,4096,38,16129,16129,91
9,4096,39,16131,16131,94
9,4096,40,16156,16156,76
9,4096,41,16212,16212,81
9,4096,42,16216,16216,91
9,4096,43,16141,16141,82
9,4096,44,16162,16162,115
9,4096,45,16136,16136,82
9,4096,46,16161,16161,94
9,4096,47,16193,16193,81
9,4096,48,16202,16202,103
9,4096,49,16139,16139,79
9,4096,50,16165,16165,93
10,256,1,15805,15805,82
10,256,2,16068,16068,99
10,256,3,15887,15887,98
10,256,4,16123,16123,86
10,256,5,16157,16157,82
10,256,6,15895,15895,100
10,256,7,16110,16110,100
10,256,8,15992,15992,73
10,256,9,16147,16147,78
10,256,10,15873,15873,101
10,256,11,15995,15995,82
10,256,12,16045,16045,85
10,256,13,16185,16185,71
10,256,14,15826,15826,99
10,256,15,15894,15894,65
10,256,16,16092,16092,72
10,256,17,15710,15710,65
10,256,18,16171,16171,95
10,256,19,15829,15829,69
10,256,20,16034,16034,97
10,256,21,16020,16020,69
10,256,22,16187,16187,72
10,256,23,15914,15914,107
10,256,24,15852,15852,69
10,256,25,16174,16174,77
10,256,26,15597,15597,77
10,256,27,15949,15949,70
10,256,28,15914,15914,78
10,256,29,15800,15800,99
10,256,30,15877,15877,73
10,256,31,15971,15971,72
10,256,32,15786,15786,82
10,256,33,16128,16128,75
10,256,34,15689,15689,116
10,256,35,16098,16098,69
10,256,36,16107,16107,95
10,256,37,16017,16017,102
10,256,38,15735,15735,103
10,256,39,16176,16176,84
10,256,40,16193,16193,89
10,256,41,16021,16021,69
10,256,42,16028,16028,79
10,256,43,15804,15804,96
10,256,44,15576,15576,104
10,256,45,15714,15714,76
10,256,46,16163,16163,81
10,256,47,15617,15617,99
10,256,48,16169,16169,75
10,256,49,16102,16102,95
10,256,50,15717,15717,99
10,1024,1,16123,16123,89
10,1024,2,16173,16173,85
10,1024,3,16071,16071,100
10,1024,4,16145,16145,90
10,1024,5,16157,16157,82
10,1024,6,16041,16041,65
10,1024,7,16110,16110,100
10,1024,8,16145,16145,89
10,1024,9,16147,16147,78
10,1024,10,16125,16125,98
10,1024,11,15995,15995,82
10,1024,12,16089,16089,99
10,1024,13,16185,16185,71
10,1024,14,16118,16118,97
10,1024,15,16166,16166,79
10,1024,16,16158,16158,81
10,1024,17,16015,16015,66
10,1024,18,16171,16171,95
10,1024,19,16139,16139,97
10,1024,20,16171,16171,91
10,1024,21,16152,16152,97
10,1024,22,16187,16187,72
10,1024,23,16009,16009,96
10,1024,24,16140,16140,75
10,1024,25,16174,16174,77
10,1024,26,15781,15781,105
10,1024,27,16134,16134,73
10,1024,28,16132,16132,71
10,1024,29,16144,16144,96
10,1024,30,16097,16097,95
10,1024,31,16158,16158,72
10,1024,32,16083,16083,68
10,1024,33,16128,16128,75
10,1024,34,15865,15865,89
10,1024,35,16129,16129,82
10,1024,36,16107,16107,95
10,1024,37,16118,16118,89
10,1024,38,15998,15998,65
10,1024,39,16176,16176,84
10,1024,40,16193,16193,89
10,1024,41,16021,16021,69
10,1024,42,16201,16201,73
10,1024,43,16079,16079,83
10,1024,44,16009,16009,82
10,1024,45,16040,16040,68
10,1024,46,16163,16163,81
10,1024,47,16060,16060,71
10,1024,48,16169,16169,75
10,1024,49,16122,16122,72
10,1024,50,16116,16116,77
10,4096,1,16186,16186,87
10,4096,2,16173,16173,85
10,4096,3,16188,16188,91
10,4096,4,16205,16205,79
10,4096,5,16187,16187,77
10,4096,6,16115,16115,95
10,4096,7,16154,16154,83
10,4096,8,16194,16194,84
10,4096,9,16152,16152,82
10,4096,10,16214,16214,79
10,4096,11,16187,16187,74
10,4096,12,16160,16160,80
10,4096,13,16185,16185,71
10,4096,14,16126,16126,96
10,4096,15,16166,16166,79
10,4096,16,16158,16158,81
10,4096,17,16183,16183,77
10,4096,18,16171,16171,95
10,4096,19,16156,16156,69
10,4096,20,16171,16171,91
10,4096,21,16152,16152,97
10,4096,22,16187,16187,72
10,4096,23,16163,16163,93
10,4096,24,16140,16140,75
10,4096,25,16174,16174,77
10,4096,26,16186,16186,81
10,4096,27,16191,16191,88
10,4096,28,16169,16169,72
10,4096,29,16197,16197,83
10,4096,30,16163,16163,83
10,4096,31,16162,16162,76
10,4096,32,16176,16176,76
10,4096,33,16183,16183,84
10,4096,34,16215,16215,79
10,4096,35,16191,16191,82
10,4096,36,16225,16225,79
10,4096,37,16217,16217,76
10,4096,38,16157,16157,81
10,4096,39,16176,16176,84
10,4096,40,16193,16193,89
10,4096,41,16159,16159,83
10,4096,42,16201,16201,73
10,4096,43,16197,16197,76
10,4096,44,16115,16115,85
10,4096,45,16152,16152,76
10,4096,46,16184,16184,81
10,4096,47,16166,16166,78
10,4096,48,16200,16200,75
10,4096,49,16150,16150,75
10,4096,50,16189,16189,76
11,256,1,15323,15323,79
11,256,2,15777,15777,70
11,256,3,16033,16033,89
11,256,4,15878,15878,62
11,256,5,15443,15443,88
11,256,6,16063,16063,82
11,256,7,15359,15359,99
11,256,8,15450,15450,91
11,256,9,16064,16064,71
11,256,10,16015,16015,92
11,256,11,15858,15858,97
11,256,12,15966,15966,67
11,256,13,15837,15837,94
11,256,14,15891,15891,84
11,256,15,15941,15941,64
11,256,16,15529,15529,80
11,256,17,15636,15636,68
11,256,18,15845,15845,82
11,256,19,15634,15634,89
11,256,20,15866,15866,87
11,256,21,16070,16070,86
11,256,22,15865,15865,62
11,256,23,15701,15701,94
11,256,24,15781,15781,87
11,256,25,14752,14752,87
11,256,26,16012,16012,73
11,256,27,15740,15740,94
11,256,28,15967,15967,83
11,256,29,15789,15789,81
11,256,30,16004,16004,76
11,256,31,15953,15953,89
11,256,32,15893,15893,98
11,256,33,15906,15906,94
11,256,34,15723,15723,86
11,256,35,15949,15949,62
11,256,36,15818,15818,84
11,256,37,15731,15731,103
11,256,38,15572,15572,67
11,256,39,15589,15589,90
11,256,40,15393,15393,74
11,256,41,15961,15961,96
11,256,42,15362,15362,81
11,256,43,15856,15856,94
11,256,44,15756,15756,74
11,256,45,15860,15860,83
11,256,46,15989,15989,70
11,256,47,15932,15932,73
11,256,48,15648,15648,90
11,256,49,15957,15957,87
11,256,50,16034,16034,84
11,1024,1,16047,16047,78
11,1024,2,15879,15879,87
11,1024,3,16033,16033,89
11,1024,4,15973,15973,68
11,1024,5,16043,16043,93
11,1024,6,16063,16063,82
11,1024,7,15941,15941,80
11,1024,8,15918,15918,98
11,1024,9,16064,16064,71
11,1024,10,16015,16015,92
11,1024,11,16058,16058,89
11,1024,12,16057,16057,73
11,1024,13,15971,15971,88
11,1024,14,15891,15891,84
11,1024,15,16012,16012,78
11,1024,16,16005,16005,73
11,1024,17,15910,15910,91
11,1024,18,15957,15957,89
11,1024,19,15892,15892,65
11,1024,20,16017,16017,70
11,1024,21,16070,16070,86
11,1024,22,15971,15971,77
11,1024,23,16012,16012,75
11,1024,24,16060,16060,75
11,1024,25,15921,15921,92
11,1024,26,16012,16012,73
11,1024,27,16032,16032,86
11,1024,28,15967,15967,83
11,1024,29,16035,16035,93
11,1024,30,16004,16004,76
11,1024,31,15953,15953,89
11,1024,32,16022,16022,78
11,1024,33,15969,15969,79
11,1024,34,15949,15949,75
11,1024,35,16020,16020,98
11,1024,36,15876,15876,87
11,1024,37,15932,15932,73
11,1024,38,16040,16040,92
11,1024,39,15959,15959,81
11,1024,40,15829,15829,94
11,1024,41,15961,15961,96
11,1024,42,15903,15903,94
11,1024,43,15856,15856,94
11,1024,44,15765,15765,74
11,1024,45,15918,15918,68
11,1024,46,15989,15989,70
11,1024,47,16029,16029,92
11,1024,48,15895,15895,75
11,1024,49,15957,15957,87
11,1024,50,16034,16034,84
11,4096,1,16047,16047,78
11,4096,2,16090,16090,82
11,4096,3,16033,16033,89
11,4096,4,16053,16053,83
11,4096,5,16074,16074,87
11,4096,6,16063,16063,82
11,4096,7,16073,16073,74
11,4096,8,16065,16065,88
11,4096,9,16064,16064,71
11,4096,10,16015,16015,92
11,4096,11,16058,16058,89
11,4096,12,16058,16058,80
11,4096,13,16025,16025,76
11,4096,14,16032,16032,75
11,4096,15,16038,16038,84
11,4096,16,16049,16049,78
11,4096,17,16061,16061,73
11,4096,18,16057,16057,91
11,4096,19,16076,16076,78
11,4096,20,16024,16024,78
11,4096,21,16070,16070,86
11,4096,22,16023,16023,88
11,4096,23,16022,16022,78
11,4096,24,16060,16060,75
11,4096,25,16070,16070,82
11,4096,26,16012,16012,73
11,4096,27,16032,16032,86
11,4096,28,15989,15989,74
11,4096,29,16035,16035,93
11,4096,30,16058,16058,81
11,4096,31,16064,16064,85
11,4096,32,16024,16024,77
11,4096,33,16053,16053,81
11,4096,34,16079,16079,82
11,4096,35,16025,16025,77
11,4096,36,16099,16099,81
11,4096,37,15994,15994,92
11,4096,38,16059,16059,91
11,4096,39,16031,16031,72
11,4096,40,16050,16050,80
11,4096,41,16044,16044,77
11,4096,42,16081,16081,75
11,4096,43,16045,16045,80
11,4096,44,16017,16017,79
11,4096,45,16009,16009,87
11,4096,46,16072,16072,70
11,4096,47,16029,16029,92
11,4096,48,16069,16069,88
11,4096,49,15975,15975,77
11,4096,50,16037,16037,89
